{
  "project_info": {
    "project_number": "50790945735",
    "firebase_url": "https://clp1-404604-default-rtdb.firebaseio.com",
    "project_id": "clp1-404604",
    "storage_bucket": "clp1-404604.appspot.com"
  },
  "client": [
    {
      "client_info": {
        "mobilesdk_app_id": "1:50790945735:android:ba8304d92db8cdb2f6ffe2",
        "android_client_info": {
          "package_name": "com.example.maptest"
        }
      },
      "oauth_client": [],
      "api_key": [
        {
          "current_key": "AIzaSyAcZFd15J0qEUlWJ_Fa6GPXoCV3XZq6t-Y"
        }
      ],
      "services": {
        "appinvite_service": {
          "other_platform_oauth_client": []
        }
      }
    },
    {
      "client_info": {
        "mobilesdk_app_id": "1:50790945735:android:4552ebbdfba7bc1ef6ffe2",
        "android_client_info": {
          "package_name": "com.example.myapplication"
        }
      },
      "oauth_client": [],
      "api_key": [
        {
          "current_key": "AIzaSyAcZFd15J0qEUlWJ_Fa6GPXoCV3XZq6t-Y"
        }
      ],
      "services": {
        "appinvite_service": {
          "other_platform_oauth_client": []
        }
      }
    },
    {
      "client_info": {
        "mobilesdk_app_id": "1:50790945735:android:44d523be4a94fc41f6ffe2",
        "android_client_info": {
          "package_name": "com.example.sw_18"
        }
      },
      "oauth_client": [],
      "api_key": [
        {
          "current_key": "AIzaSyAcZFd15J0qEUlWJ_Fa6GPXoCV3XZq6t-Y"
        }
      ],
      "services": {
        "appinvite_service": {
          "other_platform_oauth_client": []
        }
      }
    }
  ],
  "configuration_version": "1"
}